Domain name;Source;Cloudflare (Unfiltered) - 1.1.1.1;Cloudflare (Security Only) - 1.1.1.2;Cleanbrowsing - 185.228.168.168;AdGuard - 94.140.14.15;Quad9 (Malware/Ad Blocking) - 9.9.9.9
PING (ms);-;22.301;18.287;15.134;21.809;22.932
nexxwave.be (safe domain);-;85.9.209.122;85.9.209.122;85.9.209.122;85.9.209.122;85.9.209.122
nasa.gov (safe domain);-;192.0.66.108;192.0.66.108;192.0.66.108;192.0.66.108;192.0.66.108
google.com (safe domain);-;142.250.79.206;172.217.29.238;142.250.219.14;172.217.30.78;142.251.134.174
cloudflare.com (safe domain);-;104.16.132.229;104.16.133.229;104.16.133.229;104.16.133.229;104.16.132.229
microsoft.com (safe domain);-;13.107.213.34;13.107.213.34;13.107.246.34;13.107.213.33;13.107.226.33


Domain name;Source;Cloudflare (Unfiltered) - 1.1.1.1;Cloudflare (Security Only) - 1.1.1.2;Cleanbrowsing - 185.228.168.168;AdGuard - 94.140.14.15;Quad9 (Malware/Ad Blocking) - 9.9.9.9
0-230-23.rest;CERT.pl;104.21.81.76;
00366291.euro-maconnerie.fr;CERT.pl;156.59.27.193;
005382.vu;CERT.pl;172.67.200.3;
007mailbox.com;CERT.pl;209.38.103.180;
00925552.liftmyresume.com;CERT.pl;156.59.27.193;
0099xxy78.weebly.com;CERT.pl;74.115.51.8;;;74.115.51.8
00media.com;CERT.pl;164.90.207.234;
010904.click;CERT.pl;104.21.85.43;
0133be5b.liftmyresume.com;CERT.pl;156.59.27.193;
0155681.click;CERT.pl;172.67.150.240;
01827667.euro-maconnerie.fr;CERT.pl;156.59.27.193;
02681245.kbh-services.fr;CERT.pl;156.59.27.193;
030455.click;CERT.pl;172.67.135.249;
03284903.shop;CERT.pl;172.67.186.5;
037991.click;CERT.pl;172.67.139.207;
03851.click;CERT.pl;172.67.147.162;
038511.click;CERT.pl;104.21.31.62;
0392oi0-19.club;CERT.pl;172.67.196.190;
039571.shop;CERT.pl;172.67.181.18;
03qg6w.lol;CERT.pl;172.67.215.122;
040490.click;CERT.pl;104.21.85.5;
04805.click;CERT.pl;104.21.41.218;
04f.org;CERT.pl;167.172.41.39;
0526app.com;CERT.pl;15.197.148.33;
0548dr.pages.dev;CERT.pl;172.66.44.229;
0555.mur28a.pl;CERT.pl;172.67.220.38;
05961487.euro-maconnerie.fr;CERT.pl;156.59.27.193;
059f3yb.top;CERT.pl;104.21.8.234;
05e2db94.liftmyresume.com;CERT.pl;156.59.27.193;
06029c6f.flyjasper.ca;CERT.pl;156.59.27.193;
06467.click;CERT.pl;104.21.79.241;
066b97ae.flyjasper.ca;CERT.pl;156.59.27.193;
077uuu.top;CERT.pl;8.8.8.8;
07849950.euro-maconnerie.fr;CERT.pl;156.59.27.193;
0797hyxt.com;CERT.pl;172.65.190.172;
08qhlz6ct.pro;CERT.pl;45.88.3.126;
0909n9090.weebly.com;CERT.pl;74.115.51.9;;;74.115.51.8
09381.click;CERT.pl;104.21.32.216;
09511.click;CERT.pl;172.67.172.226;
09530.click;CERT.pl;172.67.188.18;
09958.click;CERT.pl;104.21.72.36;
0a6375a6.webmailsecurefilevault.pages.dev;CERT.pl;172.66.44.106;;;172.66.47.150
0aede39dc5.nxcli.io;CERT.pl;173.249.144.36;
0afc6457.flyjasper.ca;CERT.pl;156.59.27.193;
0b5f27f2.flyjasper.ca;CERT.pl;156.59.27.193;
0bbc.irpa.com.pl;CERT.pl;172.67.185.151;
0bd60e8c.liftmyresume.com;CERT.pl;156.59.27.193;
0d097ebf.1996e9cb2cc7a61f0bfd0a1e.workers.dev;CERT.pl;172.67.195.203;
0d10.netlify.app;CERT.pl;54.232.119.62;
0ddfd485.liftmyresume.com;CERT.pl;156.59.27.193;
0fde401291120.click;CERT.pl;104.21.21.151;
0hc0dika0.pro;CERT.pl;45.88.3.126;
0llaf.com;CERT.pl;104.21.32.96;
0lx.mo0rd2r.digital;CERT.pl;104.21.55.46;
0lxadostawa.info;CERT.pl;172.67.143.226;
0n3dr1v3-d0c.b-cdn.net;CERT.pl;193.162.131.1;
0verseaskey.com;CERT.pl;172.67.140.218;
0yn3tds.plodzl.pl;CERT.pl;104.21.89.47;
0yox87q.plodzl.pl;CERT.pl;172.67.156.108;
0zs.vaiyiofrou.ru;CERT.pl;185.53.179.136;
10-2-4mail.org;CERT.pl;164.90.241.211;
1000xball.site;CERT.pl;8.8.8.8;
1000xz.com;CERT.pl;185.138.88.134;
1001gezi.com;CERT.pl;78.142.210.92;
1003uu.top;CERT.pl;8.8.8.8;
100daysofyara.com;CERT.pl;104.248.201.42;
1010uu.top;CERT.pl;8.8.8.8;
101beautyboy.com;CERT.pl;144.31.244.116;
101uu1.top;CERT.pl;8.8.8.8;
104-248-69-158.cprapid.com;CERT.pl;104.248.69.158;
1054uu.top;CERT.pl;8.8.8.8;
10601pointeview.com;CERT.pl;185.21.9.221;
10686004.kbh-services.fr;CERT.pl;156.59.27.193;
10ae5ee1.liftmyresume.com;CERT.pl;156.59.27.193;
10mbet.net;CERT.pl;172.237.145.27;
10uu10.top;CERT.pl;8.8.8.8;
10xpergola.com;CERT.pl;78.142.208.161;
11076f5d.liftmyresume.com;CERT.pl;156.59.27.193;
111223323.weebly.com;CERT.pl;74.115.51.8;;;74.115.51.9
111hjdc.com;CERT.pl;144.31.244.17;
1123uuuququq1.shop;CERT.pl;172.67.217.213;
1123uuuququq10.shop;CERT.pl;104.21.76.157;
1123uuuququq2.shop;CERT.pl;172.67.203.219;
1123uuuququq4.shop;CERT.pl;172.67.165.125;
1123uuuququq7.shop;CERT.pl;104.21.79.223;
1123uuuququq8.shop;CERT.pl;172.67.198.4;
1123uuuququq9.shop;CERT.pl;172.67.169.30;
1131gg.top;CERT.pl;172.234.24.211;
118uu9.top;CERT.pl;8.8.8.8;
119uu3.top;CERT.pl;8.8.8.8;
121uu8.top;CERT.pl;8.8.8.8;
123coachkimberly.com;CERT.pl;206.189.63.20;
123ecos.com;CERT.pl;74.119.239.234;
123gems.com;CERT.pl;138.197.67.62;
123giftstore.com;CERT.pl;78.159.156.19;
123halal.com;CERT.pl;134.209.165.143;
123mobas.com;CERT.pl;146.190.26.87;
123rjk.com;CERT.pl;78.159.156.214;
123stationery.com;CERT.pl;165.227.66.115;
123sugarfree.com;CERT.pl;45.55.78.174;
1279-casefb550747.vercel.app;CERT.pl;64.29.17.67;
12839.click;CERT.pl;172.67.221.70;
12f942fd.flyjasper.ca;CERT.pl;156.59.27.193;
12plan.com;CERT.pl;188.166.26.57;
131uu9.top;CERT.pl;8.8.8.8;
13356ac7.flyjasper.ca;CERT.pl;156.59.27.193;
134-112-41-101.cprapid.com;CERT.pl;134.112.41.101;
134-199-196-13.cprapid.com;CERT.pl;134.199.196.13;134.199.196.13
1350euro-maxima.com;CERT.pl;46.8.9.229;
13ritain.com;CERT.pl;104.21.23.135;
143k.com;CERT.pl;185.138.88.134;
14593601.euro-maconnerie.fr;CERT.pl;156.59.27.193;
147-182-150-254.cprapid.com;CERT.pl;147.182.150.254;147.182.150.254
14e9568c.liftmyresume.com;CERT.pl;156.59.27.193;
14uu2.top;CERT.pl;8.8.8.8;
1500hf.com;CERT.pl;78.159.156.17;
151d9fc576f8.net-nf.digital;CERT.pl;104.21.48.70;
1532.click;CERT.pl;172.67.177.209;
155237.weebly.com;CERT.pl;74.115.51.9;;;74.115.51.9
156uu3.top;CERT.pl;8.8.8.8;
158-23-56-18.cprapid.com;CERT.pl;158.23.56.18;158.23.56.18
1583c083.liftmyresume.com;CERT.pl;156.59.27.193;
15d89b7e.flyjasper.ca;CERT.pl;156.59.27.193;
15w619qjr.pro;CERT.pl;185.238.2.174;
1618cnd.com;CERT.pl;144.31.244.17;
16235.click;CERT.pl;172.67.160.218;
16278885.euro-maconnerie.fr;CERT.pl;156.59.27.193;
164-92-221-113.cprapid.com;CERT.pl;164.92.221.113;
16482703.euro-maconnerie.fr;CERT.pl;156.59.27.193;
165-227-112-65.cprapid.com;CERT.pl;165.227.112.65;165.227.112.65
16633chevalin.com;CERT.pl;185.21.9.221;
1688sagamecom.info;CERT.pl;104.21.92.124;
168ninja.pro;CERT.pl;104.21.4.234;;;;104.21.4.234
16ccc950.liftmyresume.com;CERT.pl;156.59.27.193;
172-104-15-233.cprapid.com;CERT.pl;172.104.15.233;172.104.15.233;;172.104.15.233
17319805.kbh-services.fr;CERT.pl;156.59.27.193;
17361.click;CERT.pl;172.67.162.88;
17511681.euro-maconnerie.fr;CERT.pl;156.59.27.193;
176-124-199-76.cprapid.com;CERT.pl;176.124.199.76;
178zb6.com;CERT.pl;185.76.243.104;
17f98e79aed416f5.com;CERT.pl;156.238.235.171;
17uu30.top;CERT.pl;8.8.8.8;
180uu2.top;CERT.pl;8.8.8.8;
180uu8.top;CERT.pl;8.8.8.8;
1819uu.top;CERT.pl;8.8.8.8;
185-237-14-94.cprapid.com;CERT.pl;185.237.14.94;185.237.14.94
185.236.228.60.sslip.io;CERT.pl;185.236.228.60;;;185.236.228.60
187hjdc.com;CERT.pl;54.46.123.255;
189889.weebly.com;CERT.pl;74.115.51.9;;;74.115.51.9
18a0d857.flyjasper.ca;CERT.pl;156.59.27.193;
18uu8.top;CERT.pl;8.8.8.8;
19-59-hm.com;CERT.pl;158.94.210.99;
19-59-og.com;CERT.pl;78.159.156.214;
19-59-pc.com;CERT.pl;78.159.156.214;
19-59-rg.com;CERT.pl;78.159.156.214;
19191hqjjjjj1.shop;CERT.pl;104.21.23.58;
19191hqjjjjj10.shop;CERT.pl;172.67.196.127;
19191hqjjjjj2.shop;CERT.pl;172.67.156.20;
19191hqjjjjj3.shop;CERT.pl;172.67.187.45;
19191hqjjjjj4.shop;CERT.pl;104.21.20.66;
19191hqjjjjj5.shop;CERT.pl;104.21.53.80;
19191hqjjjjj7.shop;CERT.pl;172.67.198.221;
19191hqjjjqjj1.shop;CERT.pl;104.21.66.90;
19191hqjjjqjj10.shop;CERT.pl;172.67.163.31;
19191hqjjjqjj2.shop;CERT.pl;172.67.129.221;
19191hqjjjqjj3.shop;CERT.pl;172.67.212.105;
19191hqjjjqjj4.shop;CERT.pl;104.21.58.68;
19191hqjjjqjj5.shop;CERT.pl;104.21.58.3;
19191hqjjjqjj7.shop;CERT.pl;172.67.181.142;
19191hqjjjqjj8.shop;CERT.pl;172.67.197.19;
19191hqjjjqjj9.shop;CERT.pl;104.21.48.11;
19271.click;CERT.pl;104.21.35.202;
193-168-175-235.cloud-xip.com;CERT.pl;193.168.175.235;
195739.vu;CERT.pl;104.21.89.85;
19732556.euro-maconnerie.fr;CERT.pl;156.59.27.193;
1batteries.com;CERT.pl;138.226.237.160;
1beautyproducts.com;CERT.pl;138.226.237.160;
1butterfly.com;CERT.pl;152.42.177.246;
1butterflyuniques.com;CERT.pl;143.110.220.23;
1c829372.liftmyresume.com;CERT.pl;156.59.27.193;
1cc1.prowla.pl;CERT.pl;104.21.87.252;
1cc18.prowla.pl;CERT.pl;104.21.87.252;
1d17.prowla.pl;CERT.pl;172.67.149.69;
1d79.net-zaplac.shop;CERT.pl;172.67.183.248;
1d8b7ea2.liftmyresume.com;CERT.pl;156.59.27.193;
1e0746e0.flyjasper.ca;CERT.pl;156.59.27.193;
1e585cad.liftmyresume.com;CERT.pl;156.59.27.193;
1equipment.com;CERT.pl;188.166.151.112;
1f38-casefb196344.vercel.app;CERT.pl;216.198.79.67;
1fd3b052.flyjasper.ca;CERT.pl;156.59.27.193;
1fegaro.info;CERT.pl;185.7.78.18;
1fn8.com;CERT.pl;144.31.244.17;
1g-profitsystem.com;CERT.pl;194.87.132.115;
1generator.com;CERT.pl;167.71.13.233;
1generators.com;CERT.pl;138.226.237.160;
1herbalcare.com;CERT.pl;138.226.237.160;
1homesecurity.com;CERT.pl;138.226.237.160;
1htf2tgv.sbs;CERT.pl;96.126.111.165;
1instruments.com;CERT.pl;138.226.237.160;
1k-dailyprofit-pro.com;CERT.pl;185.62.58.189;
1k-dailyprofitapp.com;CERT.pl;185.62.58.189;
1kdailyprofitstech.com;CERT.pl;185.62.58.189;
1khm-casefb557103.vercel.app;CERT.pl;64.29.17.3;
1kitchenware.com;CERT.pl;78.159.156.19;
1kyrs.org;CERT.pl;138.68.103.164;
1laboratory.com;CERT.pl;87.236.16.18;
1medicalequipment.com;CERT.pl;138.226.237.160;
1mn2eft.top;CERT.pl;154.201.78.205;
1mobileaccessories.com;CERT.pl;78.159.156.19;
1novelty.com;CERT.pl;188.166.59.134;
1nvu.com;CERT.pl;213.109.149.191;
1optical.com;CERT.pl;52.201.53.166;
1pg0.com;CERT.pl;158.94.210.99;
1pgxh160.com;CERT.pl;158.94.210.99;
1pj22.com;CERT.pl;144.31.244.17;
1profitable.com;CERT.pl;165.232.84.206;
1qp3-casefb028964.vercel.app;CERT.pl;64.29.17.67;
1redhotdesign.com;CERT.pl;165.22.73.87;
1snacks.com;CERT.pl;52.201.53.166;
1sthandfoundation.org;CERT.pl;134.209.90.171;
1sugarfree.com;CERT.pl;209.38.109.25;
1tdeasyweb.com;CERT.pl;58.64.137.69;
1to1mentor.org;CERT.pl;146.190.225.128;
1tradestrategy.com;CERT.pl;81.85.76.66;
1uklogisitcs.com;CERT.pl;72.60.229.95;
1uu24.top;CERT.pl;8.8.8.8;
1uu4.top;CERT.pl;8.8.8.8;
1uu61.top;CERT.pl;8.8.8.8;
1uu81.top;CERT.pl;8.8.8.8;
1uu90.top;CERT.pl;8.8.8.8;
1uuu42.top;CERT.pl;8.8.8.8;
1v0gfa6z0qycr6.dynv6.net;CERT.pl;196.251.69.67;
1vin777.com;CERT.pl;129.212.195.250;
1vodfhy.top;CERT.pl;172.67.170.212;
1z7w9.mssg.me;CERT.pl;104.26.12.20;
2.elast1co.live;CERT.pl;198.54.117.242;
20-208-138-196.cprapid.com;CERT.pl;20.208.138.196;20.208.138.196
20-208-139-209.cprapid.com;CERT.pl;20.208.139.209;
20-208-32-36.cprapid.com;CERT.pl;20.208.32.36;20.208.32.36
20-minutos.live;CERT.pl;104.21.25.108;
200zumprater.com;CERT.pl;104.21.60.166;
2020d2c1.liftmyresume.com;CERT.pl;156.59.27.193;
2020marketing.net;CERT.pl;209.38.43.67;
2025blackfriday.com;CERT.pl;104.16.211.68;
2025liquidation.shop;CERT.pl;104.16.211.68;
2026ochnikvip.shop;CERT.pl;104.17.177.238;
2029uu.top;CERT.pl;8.8.8.8;
20300406.euro-maconnerie.fr;CERT.pl;156.59.27.193;
2040uu.top;CERT.pl;8.8.8.8;
2041uu.top;CERT.pl;8.8.8.8;
2048uu.top;CERT.pl;8.8.8.8;
2056uu.top;CERT.pl;8.8.8.8;
2092cc83.2e92641e7af5d63347e0b0af.workers.dev;CERT.pl;104.21.92.86;104.21.92.86
20943780.euro-maconnerie.fr;CERT.pl;156.59.27.193;
209uu4.top;CERT.pl;8.8.8.8;
20b7fa1a.liftmyresume.com;CERT.pl;156.59.27.193;
20sat.com;CERT.pl;46.105.65.136;;;;213.239.212.69
2108uu.top;CERT.pl;8.8.8.8;
212uuu.top;CERT.pl;8.8.8.8;
21355tp.shop;CERT.pl;43.160.199.62;
2135655rn.shop;CERT.pl;43.160.199.62;
213rn56.shop;CERT.pl;43.160.199.62;
213wldc.com;CERT.pl;144.31.244.17;
21513478.euro-maconnerie.fr;CERT.pl;156.59.27.193;
215313yk.shop;CERT.pl;43.160.199.62;
2154uu.top;CERT.pl;8.8.8.8;
2157uu.top;CERT.pl;8.8.8.8;
215d4ee8.flyjasper.ca;CERT.pl;156.59.27.193;
2169uu.top;CERT.pl;8.8.8.8;
2171uu.top;CERT.pl;8.8.8.8;
21796483.xyz;CERT.pl;172.67.132.122;104.21.13.29;;104.21.13.29;104.21.13.29
222srrr.weebly.com;CERT.pl;74.115.51.9;;;74.115.51.9
222travel.com;CERT.pl;159.203.125.155;
2232uu.top;CERT.pl;188.127.241.99;
22334211.weebly.com;CERT.pl;74.115.51.9;;;74.115.51.8
2244rr55.weebly.com;CERT.pl;74.115.51.8;;;74.115.51.8
2284uu.top;CERT.pl;8.8.8.8;
23480796.xyz;CERT.pl;104.21.63.25;172.67.169.63;104.21.63.25;172.67.169.63;172.67.169.63
234njn324jn243n24.click;CERT.pl;104.21.54.127;
235851.click;CERT.pl;172.67.199.220;
23585142.click;CERT.pl;172.67.206.144;
236d417f.flyjasper.ca;CERT.pl;156.59.27.193;
2388uu.top;CERT.pl;8.8.8.8;
23bc74n23c4.shop;CERT.pl;172.67.133.142;
23e4d976.355c2dad197e2ed1b6bd1017.workers.dev;CERT.pl;172.67.136.2;
24-7cryptocurrenciez.com;CERT.pl;185.62.58.189;
24-nauczanie.org;CERT.pl;172.67.159.14;
2403003a0648715a3b0675e3b2f033a3.myxstalk.sbs;CERT.pl;104.21.37.223;
24622266.euro-maconnerie.fr;CERT.pl;156.59.27.193;
2470uu.top;CERT.pl;8.8.8.8;
247favsdeals.world;CERT.pl;91.195.240.123;
247filesharing1.com;CERT.pl;188.166.22.196;
24belgium.today;CERT.pl;104.21.30.146;
24denmark.today;CERT.pl;172.67.142.245;
24newsno.top;CERT.pl;64.227.67.198;
24yazymgfobzy.mocha.app;CERT.pl;104.19.162.13;
2578uu.top;CERT.pl;8.8.8.8;
2583uu.top;CERT.pl;8.8.8.8;
25dcb60e.flyjasper.ca;CERT.pl;156.59.27.193;
2600uu.top;CERT.pl;8.8.8.8;
26059814.xyz;CERT.pl;104.21.46.103;
2618uu.top;CERT.pl;8.8.8.8;
26512.click;CERT.pl;104.21.87.5;
2667uu.top;CERT.pl;8.8.8.8;
26948371.xyz;CERT.pl;172.67.214.250;172.67.214.250;104.21.67.59;104.21.67.59;104.21.67.59
272491af.flyjasper.ca;CERT.pl;156.59.27.193;
27365.click;CERT.pl;172.67.214.70;
292c92d1.flyjasper.ca;CERT.pl;156.59.27.193;
2938b078.flyjasper.ca;CERT.pl;156.59.27.193;
293onkomba.com;CERT.pl;91.204.209.212;
294bolanxuetangyi.fdxyzd.shop;CERT.pl;51.38.122.203;
2955db34.liftmyresume.com;CERT.pl;156.59.27.193;
295d1a27.liftmyresume.com;CERT.pl;156.59.27.193;
299ff.net-zaplac.shop;CERT.pl;104.21.96.151;
29ceff29.liftmyresume.com;CERT.pl;156.59.27.193;
2a68729b.flyjasper.ca;CERT.pl;156.59.27.193;
2af6.net-subskrypcje.digital;CERT.pl;172.67.152.59;
2b29adb4.liftmyresume.com;CERT.pl;156.59.27.193;
2b2e2dcf.liftmyresume.com;CERT.pl;156.59.27.193;
2b3a5c69.liftmyresume.com;CERT.pl;156.59.27.193;
2b588952.liftmyresume.com;CERT.pl;156.59.27.193;
2brothersautocare.com;CERT.pl;185.230.63.107;
2d019d21.flyjasper.ca;CERT.pl;156.59.27.193;
2d0f6a63.flyjasper.ca;CERT.pl;156.59.27.193;
2ddd5640.liftmyresume.com;CERT.pl;156.59.27.193;
2ec06c4e.flyjasper.ca;CERT.pl;156.59.27.193;
2fish.net;CERT.pl;142.93.232.236;
2fn01.com;CERT.pl;144.31.244.17;
2fn2.com;CERT.pl;78.159.156.17;
2fn7.com;CERT.pl;144.31.244.17;
2fn9.com;CERT.pl;144.31.244.17;
2gxhxqv2ddqqa.mocha.app;CERT.pl;104.19.162.13;
2jkzdnsf.top;CERT.pl;8.8.8.8;
2kz6sotqoflqa.mocha.app;CERT.pl;104.19.162.13;
2o1obv.biubiu.ge;CERT.pl;109.169.81.190;
2o5i5nupt4zng.mocha.app;CERT.pl;104.19.162.13;
2pj00.com;CERT.pl;144.31.244.17;
2pj88.com;CERT.pl;144.31.244.17;
2pj99.com;CERT.pl;144.31.244.17;
2plinvestshop.convertri.com;CERT.pl;35.185.3.114;
2v3fyb994yc6nvy5vhsep2d5t3cy2fudgujrot4tcgvyygr0eic3c72gakes.s3-website-us-east-1.amazonaws.com;CERT.pl;52.217.71.123;16.15.183.43;52.216.50.205;52.217.121.165
2wheelsandamap.com;CERT.pl;185.151.30.202;
2z0z.com;CERT.pl;78.159.156.214;
3.capitalists.foundation;CERT.pl;172.67.185.219;
3.elast1co.live;CERT.pl;198.54.117.242;
00.lightb0x.ru;URLHaus;104.21.28.221;172.67.147.185;104.21.28.221;172.67.147.185
0022a601.pphost.net;URLHaus;185.216.144.21;
00f.deepflash.ru;URLHaus;104.21.48.116;104.21.48.116;172.67.151.12;104.21.48.116
00w1g.j1ttersnap.ru;URLHaus;104.21.59.244;104.21.59.244;104.21.59.244;172.67.185.213
09c1d5c3-1a6e-4c05-8e4e-eff75c6b5dd6.usrfiles.com;URLHaus;13.227.207.73;13.227.207.73;;13.227.207.39
0a9bd.softcr5st.ru;URLHaus;172.67.133.207;104.21.5.200;104.21.5.200;104.21.5.200
0bz6vz64.blue128cinder.digital;URLHaus;172.67.216.146;;;104.21.86.75
0dmtxln9.afriteblurbcepes.ru;URLHaus;104.21.45.125;104.21.45.125;172.67.214.74;172.67.214.74
0do79h4s.blueh1ll.ru;URLHaus;104.21.29.151;104.21.29.151;104.21.29.151;172.67.149.105
0ej.frostc0met.ru;URLHaus;104.21.90.38;104.21.90.38;172.67.152.110;172.67.152.110
0g7o3.redm0on.ru;URLHaus;172.67.133.114;104.21.5.124;172.67.133.114;172.67.133.114
0gays.siickhorn.ru;URLHaus;172.67.222.47;104.21.70.92;104.21.70.92;104.21.70.92
0gs.mossgate.ru;URLHaus;172.67.162.216;172.67.162.216;104.21.82.199;172.67.162.216
0k.softc0re.ru;URLHaus;104.21.51.90;172.67.177.252;104.21.51.90;172.67.177.252
0live-vvork.olive4parcel.coupons;URLHaus;212.111.89.17;
0m0923vi.ngotln.ru;URLHaus;172.67.192.56;172.67.192.56;172.67.192.56;104.21.65.206
0mp8j.n1ghtbreeze.ru;URLHaus;172.67.136.52;172.67.136.52;172.67.136.52;172.67.136.52
0p.sn1pcradle.ru;URLHaus;172.67.208.144;172.67.208.144;104.21.77.135;104.21.77.135
0s.frostbranch.ru;URLHaus;104.21.31.242;104.21.31.242;172.67.180.246;172.67.180.246
0tmh.frostc0met.ru;URLHaus;104.21.90.38;172.67.152.110;172.67.152.110;172.67.152.110
0ufhrxly.chattytolet.digital;URLHaus;104.21.3.205;
0up.sunsh1ne.ru;URLHaus;104.21.86.133;104.21.86.133;172.67.220.86;172.67.220.86
0zi.wildc0ast.ru;URLHaus;172.67.136.144;104.21.89.30;172.67.136.144;104.21.89.30
1.off3.ru;URLHaus;151.242.30.226;;151.242.30.226
10.bracket-fern.ru;URLHaus;172.67.211.231;104.21.77.216;172.67.211.231;104.21.77.216
103.252.116.60.sslip.io;URLHaus;52.0.56.137;52.0.56.137;;52.0.56.137;52.0.56.137
109-111-55-221.rev.as216075.net;URLHaus;109.111.55.221;109.111.55.221;109.111.55.221;109.111.55.221;109.111.55.221
10controller.ru;URLHaus;162.244.35.169;162.244.35.169;162.244.35.169;162.244.35.169;162.244.35.169
10zseo44.5kylight.ru;URLHaus;172.67.202.173;104.21.14.84;104.21.14.84;172.67.202.173
11.4355ptdown.bulubulue.cn;URLHaus;115.231.132.64;115.231.132.64;115.231.132.64;115.231.132.64;115.231.132.64
11.briarhaven.ru;URLHaus;172.67.187.52;104.21.64.175;104.21.64.175;104.21.64.175
111101111.ru;URLHaus;45.130.41.79;;45.130.41.79
123.ywxww.net;URLHaus;61.153.248.114;;61.153.248.114
123123-b5b.pages.dev;URLHaus;172.66.44.90;172.66.44.90;172.66.44.90;172.66.44.90;172.66.47.166
132.red-81-42-249.staticip.rima-tde.net;URLHaus;81.42.249.132;81.42.249.132;81.42.249.132;81.42.249.132;81.42.249.132
135y.clearb1te.ru;URLHaus;104.21.90.222;172.67.205.143;172.67.205.143;172.67.205.143
139-162-20-230.ip.linodeusercontent.com;URLHaus;139.162.20.230;139.162.20.230;139.162.20.230;139.162.20.230;139.162.20.230
13rv.wild5ky.ru;URLHaus;172.67.145.251;104.21.47.86;104.21.47.86;104.21.47.86
13va.windl1ne.ru;URLHaus;172.67.194.17;172.67.194.17;104.21.20.187;172.67.194.17
141-98-10-64.cprapid.com;URLHaus;141.98.10.64;141.98.10.64;141.98.10.64;141.98.10.64;141.98.10.64
14b6.prairieforge.ru;URLHaus;104.21.20.253;104.21.20.253;172.67.195.63;104.21.20.253
15.frostc0met.ru;URLHaus;172.67.152.110;104.21.90.38;104.21.90.38;172.67.152.110
15eitnbq.mistysh1eld.ru;URLHaus;104.21.65.101;172.67.161.148;104.21.65.101;104.21.65.101
16s.quark-spoon.ru;URLHaus;104.21.8.33;172.67.156.189;104.21.8.33;104.21.8.33
17.can5arc0phag.net;URLHaus;104.21.62.61;104.21.62.61;172.67.220.165;172.67.220.165;172.67.220.165
1717.1000uc.com;URLHaus;43.109.45.190;
171f42aj.5kylight.ru;URLHaus;172.67.202.173;104.21.14.84;172.67.202.173;104.21.14.84
172-233-82-138.ip.linodeusercontent.com;URLHaus;172.233.82.138;172.233.82.138;;172.233.82.138;172.233.82.138
172-86-114-147.dal.priv.octovpn.net;URLHaus;172.86.114.147;;;172.86.114.147
172-86-123-179.plesk.page;URLHaus;172.86.123.179;172.86.123.179;172.86.123.179;172.86.123.179;172.86.123.179
1735550459---www.c12o2z33.cc;URLHaus;172.67.74.61;172.67.74.61;104.26.15.36;172.67.74.61;104.26.14.36
1735585335---www.c12o2z39.cc;URLHaus;172.67.74.61;172.67.74.61;104.26.15.36;104.26.14.36;104.26.15.36
1735690331---www.a0102070.cc;URLHaus;172.67.74.61;172.67.74.61;172.67.74.61;104.26.14.36;104.26.15.36
1735693359---www.a0102070.cc;URLHaus;172.67.74.61;172.67.74.61;172.67.74.61;104.26.15.36;104.26.15.36
1735701775---www.a0102070.cc;URLHaus;172.67.74.61;172.67.74.61;104.26.14.36;172.67.74.61;104.26.15.36
176.65.148.116.ptr.pfcloud.network;URLHaus;176.65.148.116;176.65.148.116;176.65.148.116;176.65.148.116
176.65.148.189.ptr.pfcloud.network;URLHaus;176.65.148.189;;;176.65.148.189
176.65.149.4.ptr.pfcloud.network;URLHaus;176.65.149.4;176.65.149.4;176.65.149.4;176.65.149.4
178.248.3.202.ll.sta.mana.pf;URLHaus;202.3.248.178;;;202.3.248.178
17gx.cl0udfall.ru;URLHaus;172.67.167.155;172.67.167.155;172.67.167.155;104.21.67.15
185-55-196-13.cprapid.com;URLHaus;185.55.196.13;185.55.196.13;;185.55.196.13;185.55.196.13
198-144-189-90.cprapid.com;URLHaus;198.144.189.90;
19r6l.softgl1de.ru;URLHaus;104.21.54.200;104.21.54.200;104.21.54.200;172.67.141.168
19z4t19x.matrimon63shadowy.digital;URLHaus;104.21.52.16;
1acn.mossgate.ru;URLHaus;172.67.162.216;104.21.82.199;104.21.82.199;104.21.82.199
1an.stormm1st.ru;URLHaus;104.21.36.73;172.67.188.136;172.67.188.136;104.21.36.73
1ay20.lightst0rm.ru;URLHaus;172.67.223.113;172.67.223.113;104.21.94.124;172.67.223.113
1c-bitrix-perenos.adm-center.ru;URLHaus;195.161.68.210;195.161.68.210;195.161.68.210
1clickserver.com;URLHaus;185.45.194.50;185.45.194.50;185.45.194.50;185.45.194.50;185.45.194.50
1cwm.wildf1re.ru;URLHaus;172.67.153.242;104.21.12.243;104.21.12.243;104.21.12.243
1euk.twirlpane.ru;URLHaus;104.21.64.108;104.21.64.108;104.21.64.108;172.67.182.66
1f.deepc0rest.ru;URLHaus;172.67.200.193;172.67.200.193;172.67.200.193;172.67.200.193
1hm2.stormm1nd.ru;URLHaus;104.21.71.238;172.67.172.95;104.21.71.238;104.21.71.238
1i.lightst0rm.ru;URLHaus;172.67.223.113;104.21.94.124;104.21.94.124;104.21.94.124
1jd.twigmantle.ru;URLHaus;104.21.15.142;172.67.162.198;172.67.162.198;104.21.15.142
1jm.cloudm1x.ru;URLHaus;172.67.189.154;104.21.89.160;104.21.89.160;104.21.89.160
1now.wavec0de.ru;URLHaus;172.67.196.169;172.67.196.169;104.21.68.158;172.67.196.169
1ohxr29l.joggedyankedtetrao.ru;URLHaus;172.67.178.92;172.67.178.92;104.21.96.113;172.67.178.92
1ovxt.cloudf1eld.ru;URLHaus;172.67.177.34;104.21.88.111;104.21.88.111;172.67.177.34
1p53.fl-0-wmortar.ru;URLHaus;172.67.156.94;172.67.156.94;172.67.156.94;104.21.82.105
1phwsssa.t0rchbasil.ru;URLHaus;104.21.69.138;172.67.208.249;104.21.69.138;104.21.69.138
1qc.windsh1ne.ru;URLHaus;104.21.74.13;104.21.74.13;104.21.74.13;104.21.74.13
1r18.pl0tchisel.ru;URLHaus;104.21.95.207;172.67.148.101;172.67.148.101;172.67.148.101
1rr.s0apcluster.ru;URLHaus;104.21.86.179;104.21.86.179;104.21.86.179;104.21.86.179
1sx.quarkspoon.ru;URLHaus;172.67.190.232;104.21.84.95;104.21.84.95;104.21.84.95
1tza.starl1tewave.ru;URLHaus;172.67.146.46;104.21.28.126;172.67.146.46;104.21.28.126
1v.fastl1ne.ru;URLHaus;172.67.168.174;104.21.87.27;104.21.87.27;104.21.87.27
1vvmu70s.amberflume.ru;URLHaus;104.21.73.70;104.21.73.70;172.67.158.180;104.21.73.70
1xucln9y.wind5tone.ru;URLHaus;104.21.65.95;104.21.65.95;172.67.189.186;104.21.65.95
1y1zd.n1ghtcrest.ru;URLHaus;104.21.76.179;104.21.76.179;104.21.76.179;104.21.76.179
1yy.fog-tangent.ru;URLHaus;104.21.55.235;104.21.55.235;172.67.174.111;104.21.55.235
1zil1.s3.cubbit.eu;URLHaus;51.159.84.185;195.154.72.140;195.154.68.69;195.154.68.69;195.154.72.140
1zqf.knurlpocket.ru;URLHaus;104.21.10.245;172.67.164.212;172.67.164.212;104.21.10.245
2.off3.ru;URLHaus;151.242.30.226;;151.242.30.226
20ve.brightc0re.ru;URLHaus;172.67.151.119;172.67.151.119;172.67.151.119;172.67.151.119
22.a1banfact0ry.net;URLHaus;104.21.95.61;104.21.95.61;104.21.95.61;104.21.95.61;104.21.95.61
27.darkw1re.ru;URLHaus;172.67.218.253;104.21.94.31;172.67.218.253;172.67.218.253
27.fr1zzlepit.ru;URLHaus;172.67.153.188;172.67.153.188;172.67.153.188;172.67.153.188
28.darkb1rd.ru;URLHaus;104.21.5.199;104.21.5.199;172.67.133.206;172.67.133.206
2887k.stormf0rm.ru;URLHaus;172.67.179.204;172.67.179.204;104.21.56.67;104.21.56.67
28p.frostn0de.ru;URLHaus;104.21.52.24;104.21.52.24;172.67.194.79;104.21.52.24
29.rm16.workers.dev;URLHaus;104.21.6.120;;172.67.134.212;104.21.6.120
2ah4j4gq.stormh1ll.ru;URLHaus;104.21.37.38;172.67.203.184;172.67.203.184;104.21.37.38
2av9bxno.sn1pglacier.ru;URLHaus;172.67.138.230;104.21.78.252;172.67.138.230;104.21.78.252
2cfc0222.salamanderprocessing.pages.dev;URLHaus;172.66.47.158;172.66.44.98;;172.66.47.158
2df.zigm0scope.ru;URLHaus;104.21.44.77;172.67.197.77;104.21.44.77;104.21.44.77
2f.silentl1ne.ru;URLHaus;172.67.178.103;172.67.178.103;104.21.83.161;104.21.83.161
2fd.n1ghtowl.ru;URLHaus;104.21.53.44;104.21.53.44;172.67.208.193;172.67.208.193
2fl4vwmp.5t0rmfail.ru;URLHaus;172.67.185.13;172.67.185.13;172.67.185.13;104.21.76.14
2fourty4.co.za;URLHaus;154.73.139.50;154.73.139.50;154.73.139.50;154.73.139.50;154.73.139.50
2h5ydzqo.rainshield.ru;URLHaus;172.67.152.177;104.21.74.14;172.67.152.177;104.21.74.14
2h6.mistfaii.ru;URLHaus;104.21.51.212;104.21.51.212;172.67.186.91;104.21.51.212
2hedr.rainsh1eld.ru;URLHaus;172.67.193.62;172.67.193.62;172.67.193.62;172.67.193.62
2inf0.ru;URLHaus;31.216.170.27;31.216.170.27;31.216.170.27;31.216.170.27;31.216.170.27
2jgq.frostc0de.ru;URLHaus;172.67.187.238;104.21.7.167;172.67.187.238;104.21.7.167
2lkz.brightf1eld.ru;URLHaus;104.21.80.198;172.67.153.102;104.21.80.198;104.21.80.198
2ms.cloudb1t.ru;URLHaus;172.67.192.144;172.67.192.144;104.21.44.9;172.67.192.144
2njv.saffron-dent.ru;URLHaus;104.21.7.18;172.67.155.98;104.21.7.18;104.21.7.18
2tfg15f1.blu3field.ru;URLHaus;104.21.17.191;172.67.178.49;172.67.178.49;104.21.17.191
2to.t0rchmingle.ru;URLHaus;172.67.177.9;172.67.177.9;104.21.17.149;104.21.17.149
2v.cl1nkbarge.ru;URLHaus;172.67.147.90;172.67.147.90;104.21.89.211;104.21.89.211
2v5d82bf.quartzsketch.ru;URLHaus;104.21.2.95;104.21.2.95;104.21.2.95;104.21.2.95
2v6tz.skyf0rm.ru;URLHaus;104.21.85.201;104.21.85.201;104.21.85.201;104.21.85.201
2wjmdomc.breathforgiv.digital;URLHaus;104.21.72.242;104.21.72.242;;172.67.155.234
2wwhaoq1.n1ghtsh0re.ru;URLHaus;172.67.132.41;104.21.12.150;104.21.12.150;172.67.132.41
2y5a.f1recliff.ru;URLHaus;104.21.34.130;104.21.34.130;172.67.161.67;104.21.34.130
2yq4.brambleage.ru;URLHaus;172.67.197.152;104.21.36.168;104.21.36.168;172.67.197.152
2yv.waveb0x.ru;URLHaus;104.21.89.111;104.21.89.111;104.21.89.111;104.21.89.111
32w5.softcr5st.ru;URLHaus;172.67.133.207;104.21.5.200;104.21.5.200;172.67.133.207
33.cl0udtrace.ru;URLHaus;172.67.214.39;104.21.23.235;104.21.23.235;172.67.214.39
33y5t.stormm1nd.ru;URLHaus;104.21.71.238;172.67.172.95;104.21.71.238;104.21.71.238
33zy.quenchorbit.ru;URLHaus;104.21.30.5;104.21.30.5;172.67.150.41;104.21.30.5
37-60-225-5.cprapid.com;URLHaus;37.60.225.5;37.60.225.5;;37.60.225.5;37.60.225.5
37s.mashvortex.ru;URLHaus;104.21.48.198;104.21.48.198;172.67.187.233;104.21.48.198
383cc.mistfaii.ru;URLHaus;172.67.186.91;172.67.186.91;172.67.186.91;104.21.51.212
3a.stormp1ne.ru;URLHaus;172.67.155.152;172.67.155.152;172.67.155.152;104.21.80.240
3aofxgg5.orbit44kind.digital;URLHaus;104.21.19.188;;;172.67.188.137
3bvphmwg.wind5tone.ru;URLHaus;104.21.65.95;172.67.189.186;172.67.189.186;104.21.65.95
3cnui.v-0-xenridge.ru;URLHaus;104.21.13.19;104.21.13.19;172.67.167.232;104.21.13.19
3controller.ru;URLHaus;162.244.35.169;162.244.35.169;162.244.35.169;162.244.35.169;162.244.35.169
3cz39.cobbleyard.ru;URLHaus;104.21.24.146;172.67.219.64;172.67.219.64;172.67.219.64
3dxd.n1ghtflow.ru;URLHaus;172.67.153.252;104.21.4.101;104.21.4.101;104.21.4.101
3e.clears0ft.ru;URLHaus;104.21.60.21;172.67.187.186;104.21.60.21;104.21.60.21
3ec2k.bluef0rm.ru;URLHaus;104.21.96.113;104.21.96.113;172.67.178.92;172.67.178.92
3ek56.j1ngleknob.ru;URLHaus;104.21.46.247;104.21.46.247;172.67.169.137;172.67.169.137
3get.softcl0ud.ru;URLHaus;172.67.183.153;104.21.83.243;172.67.183.153;104.21.83.243
3gky.forestcl0ud.ru;URLHaus;104.21.28.15;172.67.170.40;172.67.170.40;104.21.28.15
3gr8e6lu.n1ghtfaise.ru;URLHaus;172.67.195.54;172.67.195.54;104.21.90.47;172.67.195.54
3h2p.nightm1nt.ru;URLHaus;104.21.49.11;104.21.49.11;172.67.188.195;104.21.49.11
3i.wave5tone.ru;URLHaus;104.21.71.80;172.67.143.247;172.67.143.247;172.67.143.247
3ji4a.sn1rlpatch.ru;URLHaus;104.21.65.212;172.67.167.19;172.67.167.19;104.21.65.212
3mu0h.paper-knurl.ru;URLHaus;172.67.197.60;104.21.68.169;172.67.197.60;172.67.197.60
3qdt.m1stypath.ru;URLHaus;172.67.209.224;104.21.93.123;104.21.93.123;104.21.93.123
3ttsi6qg.cl0udpath.ru;URLHaus;104.21.95.100;104.21.95.100;104.21.95.100;104.21.95.100
3uk9rba1.nexorhino.digital;URLHaus;104.21.76.191;104.21.76.191;172.67.199.115;104.21.76.191
3uyvehbx.rainfail.ru;URLHaus;172.67.179.246;172.67.179.246;104.21.31.208;104.21.31.208
3w4nn.cedarwinkel5.ru;URLHaus;172.67.223.176;172.67.223.176;104.21.88.151;104.21.88.151
3yb.brightc0re.ru;URLHaus;104.21.80.161;104.21.80.161;104.21.80.161;104.21.80.161
3ym.bracketloam.ru;URLHaus;104.21.35.74;172.67.215.181;104.21.35.74;104.21.35.74
42b.skyfl0w.ru;URLHaus;172.67.133.24;104.21.13.205;172.67.133.24;104.21.13.205
4393eb8c.solaraweb-alj.pages.dev;URLHaus;172.66.44.59;172.66.44.59;;172.66.47.197
45.135.194.29.ptr.pfcloud.network;URLHaus;45.135.194.29;45.135.194.29;;45.135.194.29
489hkp0t.sunfiare.ru;URLHaus;104.21.61.156;172.67.211.138;172.67.211.138;104.21.61.156
48e3kq3j.neumechawl.ru;URLHaus;172.67.148.231;104.21.39.216;172.67.148.231;104.21.39.216
4b.cloudpeak.ru;URLHaus;172.67.211.46;172.67.211.46;104.21.77.192;104.21.77.192
4controller.ru;URLHaus;162.244.35.169;162.244.35.169;162.244.35.169;162.244.35.169;162.244.35.169
4d.skyf0rm.ru;URLHaus;172.67.209.238;172.67.209.238;104.21.85.201;104.21.85.201
4eie3.rainsh1eld.ru;URLHaus;104.21.11.246;172.67.193.62;172.67.193.62;172.67.193.62
4f.softshadow.ru;URLHaus;172.67.204.24;104.21.52.211;172.67.204.24;172.67.204.24
4f8a.wolkenmeer.ru;URLHaus;104.21.53.21;172.67.207.200;104.21.53.21;172.67.207.200
4kgnpztl.deepmi5t.ru;URLHaus;104.21.81.17;;172.67.137.125;172.67.137.125
4lg.m1stypath.ru;URLHaus;172.67.209.224;172.67.209.224;104.21.93.123;172.67.209.224
4mapc.racketloom.ru;URLHaus;172.67.206.140;172.67.206.140;104.21.50.135;172.67.206.140
4mjo.deep0asis.ru;URLHaus;104.21.83.153;172.67.177.219;104.21.83.153;104.21.83.153
4n.darkbreeze.ru;URLHaus;104.21.85.244;104.21.85.244;104.21.85.244;172.67.212.141
4o.p0larday.ru;URLHaus;172.67.220.35;172.67.220.35;104.21.24.197;172.67.220.35
4o6i.mashvortex.ru;URLHaus;172.67.187.233;172.67.187.233;172.67.187.233;104.21.48.198
4p9.sn1pixel.ru;URLHaus;172.67.186.221;172.67.186.221;172.67.186.221;172.67.186.221
4r272ptd8p.ufs.sh;URLHaus;172.67.184.177;;172.67.184.177;172.67.184.177;104.21.43.201
4rx0l.skyhollow.ru;URLHaus;104.21.70.60;172.67.220.117;172.67.220.117;172.67.220.117
4v.sunf0rest.ru;URLHaus;172.67.159.88;172.67.159.88;104.21.81.110;104.21.81.110
4vc.s0ftbyte.ru;URLHaus;172.67.153.26;104.21.80.181;172.67.153.26;172.67.153.26
4wl.softsh1ft.ru;URLHaus;172.67.169.120;104.21.71.46;104.21.71.46;172.67.169.120
4wuwovza.hush-pancake.ru;URLHaus;104.21.82.21;104.21.82.21;172.67.193.112;104.21.82.21
4xm.f1rewave.ru;URLHaus;104.21.54.57;172.67.168.24;104.21.54.57;104.21.54.57
4z.st0rmleaf.ru;URLHaus;172.67.219.53;104.21.38.47;104.21.38.47;172.67.219.53
4zx.paperknurl.ru;URLHaus;172.67.208.98;104.21.34.206;172.67.208.98;104.21.34.206
507.fl-1-ntrelay.ru;URLHaus;104.21.1.163;172.67.129.160;172.67.129.160;104.21.1.163
50mfsn0s.crumplejet.ru;URLHaus;104.21.55.65;172.67.170.154;172.67.170.154;104.21.55.65
50oxk787.rainfail.ru;URLHaus;172.67.179.246;172.67.179.246;104.21.31.208;172.67.179.246
5125124.pages.dev;URLHaus;172.66.47.111;172.66.44.145;172.66.47.111;172.66.47.111;172.66.44.145
51la.zvo2.xyz;URLHaus;104.21.33.23;104.21.33.23;104.21.33.23;104.21.33.23;104.21.33.23
522bmwhj.cl0udr1dge.ru;URLHaus;104.21.2.57;172.67.128.207;104.21.2.57;104.21.2.57
52i.snowr1se.ru;URLHaus;104.21.92.184;104.21.92.184;172.67.197.25;172.67.197.25
53f.clearspark.ru;URLHaus;104.21.87.22;104.21.87.22;172.67.139.191;172.67.139.191
554r5.f0xwave.ru;URLHaus;104.21.12.248;172.67.196.199;172.67.196.199;104.21.12.248
556.windst0ne.ru;URLHaus;104.21.91.100;104.21.91.100;172.67.215.153;104.21.91.100
56.quarkspoon.ru;URLHaus;172.67.190.232;172.67.190.232;104.21.84.95;172.67.190.232
59l.frostc0met.ru;URLHaus;172.67.152.110;172.67.152.110;172.67.152.110;104.21.90.38
5br.m1xthatch.ru;URLHaus;172.67.211.166;172.67.211.166;172.67.211.166;104.21.23.144
5bvg1.stormp1ne.ru;URLHaus;104.21.80.240;172.67.155.152;172.67.155.152;172.67.155.152
5c.gl1ntip.ru;URLHaus;104.21.51.214;104.21.51.214;104.21.51.214;104.21.51.214
5controller.ru;URLHaus;162.244.35.169;162.244.35.169;162.244.35.169;162.244.35.169;162.244.35.169
5cpy.nightp1xel.ru;URLHaus;104.21.1.46;104.21.1.46;172.67.128.134;104.21.1.46
5fa4.cobble-yard.ru;URLHaus;104.21.12.253;172.67.154.1;104.21.12.253;104.21.12.253
5h.rivershad0w.ru;URLHaus;172.67.164.16;172.67.164.16;104.21.57.133;104.21.57.133
5h0tb.deepw0rd.ru;URLHaus;104.21.45.235;104.21.45.235;104.21.45.235;172.67.220.18
5l6zy0pd.blu3c0ve.ru;URLHaus;172.67.206.140;172.67.206.140;104.21.50.135;104.21.50.135
5mao.skyfl0w.ru;URLHaus;104.21.13.205;172.67.133.24;104.21.13.205;104.21.13.205
5nr.deepcl0ud.ru;URLHaus;104.21.59.54;104.21.59.54;104.21.59.54;104.21.59.54
5o8vbjbm.cl0udv1sta.ru;URLHaus;172.67.129.206;104.21.2.236;172.67.129.206;104.21.2.236
5obr8.brightsage.ru;URLHaus;104.21.12.46;172.67.193.168;104.21.12.46;172.67.193.168
5qjh.frostn0de.ru;URLHaus;104.21.52.24;104.21.52.24;172.67.194.79;104.21.52.24
5s1.silentf0rest.ru;URLHaus;172.67.193.152;104.21.41.210;104.21.41.210;104.21.41.210
5ssibaciyq.tabletrepairnj.com;URLHaus;92.119.164.209;92.119.164.209;92.119.164.209;92.119.164.209;92.119.164.209
5v72.pipetalon.ru;URLHaus;172.67.191.210;172.67.191.210;172.67.191.210;172.67.191.210
5vg.quartz-ace.ru;URLHaus;104.21.51.178;104.21.51.178;104.21.51.178;172.67.183.57
5vjkehxx.fr0stmirr0r.ru;URLHaus;104.21.74.132;172.67.203.36;104.21.74.132;104.21.74.132
5wnc.rockstorm.ru;URLHaus;104.21.68.195;104.21.68.195;104.21.68.195;104.21.68.195
5x80a.amberflint.ru;URLHaus;172.67.220.107;104.21.62.55;104.21.62.55;172.67.220.107
5xp1e8eh.amber-flume.ru;URLHaus;104.21.86.17;172.67.214.11;172.67.214.11;104.21.86.17
5zp7i.bluel1ght.ru;URLHaus;172.67.141.19;104.21.9.24;172.67.141.19;104.21.9.24
60aaf9c6.salamanderprocessing.pages.dev;URLHaus;172.66.47.158;172.66.47.158;;172.66.44.98
60sek.cleardawn.ru;URLHaus;104.21.48.97;172.67.183.199;104.21.48.97;172.67.183.199
61.sun5hine.ru;URLHaus;172.67.198.59;172.67.198.59;172.67.198.59;172.67.198.59
61qtv.silentf0rest.ru;URLHaus;104.21.41.210;104.21.41.210;172.67.193.152;172.67.193.152
62spf.n1ghtflow.ru;URLHaus;172.67.153.252;172.67.153.252;172.67.153.252;104.21.4.101
63.amberflint.ru;URLHaus;104.21.62.55;104.21.62.55;172.67.220.107;172.67.220.107
63oi.wild5ky.ru;URLHaus;172.67.145.251;172.67.145.251;104.21.47.86;104.21.47.86
655rd9or.caretouched.digital;URLHaus;172.67.154.145;172.67.154.145
666zy.vip;URLHaus;47.243.9.86;47.243.9.86;47.243.9.86;47.243.9.86;47.243.9.86
66o.brightc0re.ru;URLHaus;172.67.151.119;104.21.80.161;104.21.80.161;104.21.80.161
679.skyf0rge.ru;URLHaus;104.21.76.118;172.67.193.216;172.67.193.216;104.21.76.118
67ocfzzz.hangesulka.digital;URLHaus;172.67.138.61;172.67.138.61
68s.stormw1ng.ru;URLHaus;104.21.29.199;104.21.29.199;172.67.149.196;172.67.149.196
69z.stonec0re.ru;URLHaus;172.67.164.164;104.21.74.239;172.67.164.164;172.67.164.164
6axg.mintdr1ft.ru;URLHaus;172.67.189.11;172.67.189.11;172.67.189.11;104.21.33.53
6controller.ru;URLHaus;162.244.35.169;162.244.35.169;162.244.35.169;162.244.35.169;162.244.35.169
6dr.rainsh1eld.ru;URLHaus;104.21.11.246;104.21.11.246;172.67.193.62;104.21.11.246
6f.n1ghtbloom.ru;URLHaus;172.67.183.77;172.67.183.77;172.67.183.77;104.21.18.196
6fnuy.deepf0rm.ru;URLHaus;104.21.82.253;172.67.166.113;104.21.82.253;104.21.82.253
6g3xqw6s.bonusquelle.qpon;URLHaus;172.67.134.99;104.21.25.165;104.21.25.165;172.67.134.99;172.67.134.99
6i.bracket-fern.ru;URLHaus;104.21.77.216;104.21.77.216;172.67.211.231;172.67.211.231
6ifg.mistybyte.ru;URLHaus;172.67.213.176;172.67.213.176;172.67.213.176;104.21.93.178
6n.sun5t0rm.ru;URLHaus;104.21.45.116;172.67.213.149;172.67.213.149;172.67.213.149
6r7t5g36.n1ghtsh0re.ru;URLHaus;172.67.132.41;172.67.132.41;172.67.132.41;172.67.132.41
6rpmj.skyf1eld.ru;URLHaus;172.67.141.138;104.21.79.37;104.21.79.37;104.21.79.37
6rr5.paperknurl.ru;URLHaus;104.21.34.206;172.67.208.98;172.67.208.98;104.21.34.206
6tal.stoneflare.ru;URLHaus;104.21.82.112;172.67.200.174;172.67.200.174;172.67.200.174
6tpmi.stormbioom.ru;URLHaus;104.21.46.180;104.21.46.180;172.67.141.30;104.21.46.180
6us.cl0udtrace.ru;URLHaus;104.21.23.235;104.21.23.235;104.21.23.235;104.21.23.235
6w5w.darksh1ft.ru;URLHaus;172.67.144.171;172.67.144.171;104.21.87.163;172.67.144.171
6warimna.preisdrop.qpon;URLHaus;104.21.84.190;172.67.196.23;104.21.84.190;172.67.196.23;104.21.84.190
6wz.skyf0rge.ru;URLHaus;104.21.76.118;172.67.193.216;172.67.193.216;172.67.193.216
6x79j.bracket-loam.ru;URLHaus;104.21.27.188;104.21.27.188;104.21.27.188;104.21.27.188
6zir.bluel1ght.ru;URLHaus;172.67.141.19;172.67.141.19;172.67.141.19;172.67.141.19
75.wave5tone.ru;URLHaus;172.67.143.247;172.67.143.247;104.21.71.80;104.21.71.80
75z.ripple-cask.ru;URLHaus;104.21.61.235;172.67.216.247;172.67.216.247;104.21.61.235
7a19u.darkl1ne.ru;URLHaus;172.67.168.212;172.67.168.212;172.67.168.212;104.21.38.240
7bc4p.n1ghtcrest.ru;URLHaus;172.67.198.101;172.67.198.101;104.21.76.179;172.67.198.101
7c.rivershad0w.ru;URLHaus;104.21.57.133;104.21.57.133;104.21.57.133;104.21.57.133
7c721ad05518e3db06f2a84b60c7a6dc.pages.dev;URLHaus;172.66.45.7;172.66.46.249;;172.66.46.249;172.66.46.249
7ch1.muddleoak.ru;URLHaus;172.67.181.57;172.67.181.57;172.67.181.57;172.67.181.57
7controller.ru;URLHaus;162.244.35.169;162.244.35.169;162.244.35.169;162.244.35.169;162.244.35.169
7g.darkw1nd.ru;URLHaus;104.21.95.98;104.21.95.98;104.21.95.98;172.67.144.25
7gp8l.bracket-loam.ru;URLHaus;104.21.27.188;104.21.27.188;172.67.143.116;172.67.143.116
7hn2w.skysh1ne.ru;URLHaus;172.67.139.157;104.21.46.142;104.21.46.142;104.21.46.142
7hz0p.mintdr1ft.ru;URLHaus;172.67.189.11;104.21.33.53;172.67.189.11;104.21.33.53
7i84od4b.elastic-refurbish.digital;URLHaus;104.21.44.205;172.67.203.175
7iml.silentl1ne.ru;URLHaus;104.21.83.161;172.67.178.103;104.21.83.161;172.67.178.103
7iwp.cloudpeak.ru;URLHaus;104.21.77.192;172.67.211.46;172.67.211.46;104.21.77.192
7juhe.gr0upw0rk.ru;URLHaus;104.21.15.105;104.21.15.105;172.67.162.44;172.67.162.44
7k24.br1ckw0rd.ru;URLHaus;172.67.207.7;172.67.207.7;172.67.207.7;104.21.44.254
7k4.windm1st.ru;URLHaus;172.67.214.124;172.67.214.124;172.67.214.124;172.67.214.124
7kqic.corest0rm.ru;URLHaus;104.21.88.38;172.67.172.72;104.21.88.38;104.21.88.38
7mqkvitp.rockyhigra.ru;URLHaus;104.21.65.52;172.67.140.171;172.67.140.171;172.67.140.171
7qqa.softgl1de.ru;URLHaus;104.21.54.200;104.21.54.200;172.67.141.168;104.21.54.200
7r8r.br1ckw0rd.ru;URLHaus;104.21.44.254;104.21.44.254;104.21.44.254;172.67.207.7
7wgxbccc.cyberlane.digital;URLHaus;104.21.83.18;172.67.166.250
7ylfs86u.perkmeister.qpon;URLHaus;104.21.28.25;104.21.28.25;172.67.170.50;172.67.170.50;172.67.170.50
7yq9kkyk.5t0rmr1dge.ru;URLHaus;104.21.3.206;172.67.131.46;104.21.3.206;104.21.3.206
7yyu6.snowcrest.ru;URLHaus;104.21.33.78;104.21.33.78;172.67.160.3;172.67.160.3
7z.nightfl0w.ru;URLHaus;172.67.131.8;172.67.131.8;172.67.131.8;172.67.131.8
802.f1rewave.ru;URLHaus;172.67.168.24;104.21.54.57;104.21.54.57;104.21.54.57
818ne.storml1ght.ru;URLHaus;104.21.24.156;172.67.219.75;172.67.219.75;172.67.219.75
81nm8.gritpillow.ru;URLHaus;172.67.215.81;104.21.93.218;104.21.93.218;104.21.93.218
83.boldf0nt.ru;URLHaus;172.67.154.125;104.21.49.249;172.67.154.125;172.67.154.125
832ez.fl-1-ntrelay.ru;URLHaus;172.67.129.160;172.67.129.160;104.21.1.163;172.67.129.160
84hjxo5f.skyf1ow.ru;URLHaus;172.67.145.120;104.21.71.141;172.67.145.120;104.21.71.141
84m.stoneflare.ru;URLHaus;172.67.200.174;172.67.200.174;172.67.200.174;172.67.200.174
84u.softmint.ru;URLHaus;104.21.80.123;104.21.80.123;172.67.181.13;172.67.181.13
85a24fyd.blu3c0ve.ru;URLHaus;172.67.206.140;172.67.206.140;104.21.50.135;104.21.50.135
86ds.bracket-loam.ru;URLHaus;104.21.27.188;104.21.27.188;104.21.27.188;172.67.143.116
88r.cloudn0de.ru;URLHaus;172.67.201.165;104.21.21.251;172.67.201.165;104.21.21.251
89pdo.kettlewisp.ru;URLHaus;172.67.201.93;104.21.44.165;172.67.201.93;172.67.201.93
8a.quark-spoon.ru;URLHaus;172.67.156.189;104.21.8.33;172.67.156.189;104.21.8.33
8c.wavec0met.ru;URLHaus;172.67.185.214;104.21.64.130;172.67.185.214;172.67.185.214
8controller.ru;URLHaus;162.244.35.169;162.244.35.169;162.244.35.169;162.244.35.169;162.244.35.169
8i60caub.w1ndshift.ru;URLHaus;172.67.169.133;104.21.54.241;104.21.54.241;104.21.54.241
8k.dark5hip.ru;URLHaus;172.67.183.215;104.21.18.222;172.67.183.215;172.67.183.215
8k.softsh1ft.ru;URLHaus;104.21.71.46;104.21.71.46;104.21.71.46;104.21.71.46
8l8gr.clearh0st.ru;URLHaus;172.67.184.118;172.67.184.118;172.67.184.118;104.21.32.82
8m.rivershad0w.ru;URLHaus;172.67.164.16;172.67.164.16;172.67.164.16;104.21.57.133
8nf25.hushzigzag.ru;URLHaus;104.21.17.65;172.67.223.1;104.21.17.65;104.21.17.65
8o9r.fl-1-ntrelay.ru;URLHaus;172.67.129.160;104.21.1.163;172.67.129.160;104.21.1.163
8q.skysh1ne.ru;URLHaus;172.67.139.157;172.67.139.157;172.67.139.157;104.21.46.142
8q1qk.silverh1ll.ru;URLHaus;104.21.86.203;172.67.136.204;104.21.86.203;172.67.136.204
8rt2.emberhoehle.ru;URLHaus;172.67.195.163;172.67.195.163;104.21.12.197;172.67.195.163
8s.wavec0de.ru;URLHaus;104.21.68.158;104.21.68.158;172.67.196.169;104.21.68.158
8sapu4d.com;URLHaus;172.67.219.225;104.21.24.181;172.67.219.225;104.21.24.181;104.21.24.181
8udp8.j-1-ngleknob.ru;URLHaus;104.21.93.69;172.67.206.99;172.67.206.99;172.67.206.99
8ux.ambercoil.ru;URLHaus;104.21.27.150;172.67.142.243;172.67.142.243;104.21.27.150
8w.frostlake.ru;URLHaus;104.21.57.167;104.21.57.167;104.21.57.167;104.21.57.167
8wp1.deepbreez3.ru;URLHaus;104.21.29.48;172.67.171.103;104.21.29.48;104.21.29.48
8x.datam1st.ru;URLHaus;172.67.182.17;172.67.182.17;172.67.182.17;104.21.67.225
8z.darkf0x.ru;URLHaus;172.67.218.244;172.67.218.244;104.21.24.135;172.67.218.244
8z2a.dark5hip.ru;URLHaus;172.67.183.215;172.67.183.215;104.21.18.222;172.67.183.215
91de.windc0re.ru;URLHaus;104.21.58.135;172.67.204.75;104.21.58.135;104.21.58.135
929j5tsa.rainriver.ru;URLHaus;104.21.64.152;172.67.152.34;104.21.64.152;172.67.152.34
92nr.softgl1de.ru;URLHaus;172.67.141.168;172.67.141.168;104.21.54.200;172.67.141.168
94fae730-597f-4442-813c-86263972a8f0.usrfiles.com;URLHaus;13.227.207.39;13.227.207.71;;13.227.207.45;13.227.207.39
94u4p.paper-knurl.ru;URLHaus;104.21.68.169;104.21.68.169;104.21.68.169;104.21.68.169
967m.stormc0de.ru;URLHaus;172.67.133.217;172.67.133.217;104.21.5.210;104.21.5.210
969.br1ckw0rd.ru;URLHaus;104.21.44.254;104.21.44.254;172.67.207.7;104.21.44.254
98pt6jbo.fl1ckerpost.ru;URLHaus;104.21.23.143;172.67.211.165;104.21.23.143;172.67.211.165
99-118-215-24.lightspeed.irvnca.sbcglobal.net;URLHaus;99.118.215.24;99.118.215.24;;99.118.215.24;99.118.215.24
99194034-96-20180108171507.webstarterz.com;URLHaus;163.44.198.52;163.44.198.52;;163.44.198.52;163.44.198.52
9burdy0u.amberflume.ru;URLHaus;104.21.73.70;104.21.73.70;104.21.73.70;104.21.73.70
9c.bluecl1ff.ru;URLHaus;172.67.141.211;172.67.141.211;172.67.141.211;104.21.27.78
9controller.ru;URLHaus;162.244.35.169;162.244.35.169;162.244.35.169;162.244.35.169;162.244.35.169
9fvaco8b.t0rchbasil.ru;URLHaus;104.21.69.138;104.21.69.138;104.21.69.138;104.21.69.138
9gu.wildr0sehub.ru;URLHaus;172.67.182.174;172.67.182.174;104.21.36.8;104.21.36.8
9lp0.sn-1-rlpatch.ru;URLHaus;104.21.87.44;172.67.141.86;172.67.141.86;104.21.87.44
9luf.hexapulse.ru;URLHaus;172.67.210.30;172.67.210.30;104.21.16.53;104.21.16.53
9nn.skysh1eld.ru;URLHaus;172.67.186.73;104.21.59.246;104.21.59.246;104.21.59.246
9pbhrc3o.bargainbucht.qpon;URLHaus;172.67.214.252;172.67.214.252;172.67.214.252;172.67.214.252;104.21.67.61
9pm93zo8.br1ghtf0rm.ru;URLHaus;104.21.10.36;172.67.189.229;172.67.189.229;172.67.189.229
9q.raincr5st.ru;URLHaus;172.67.150.230;104.21.12.3;172.67.150.230;104.21.12.3
9r6r.deep5ky.ru;URLHaus;172.67.209.32;172.67.209.32;104.21.69.144;104.21.69.144
9rg.c0pperknit.ru;URLHaus;104.21.72.230;104.21.72.230;172.67.155.169;104.21.72.230
9rt5b.dexlotion.ru;URLHaus;172.67.163.186;104.21.34.185;172.67.163.186;104.21.34.185
9s.rainf0rm.ru;URLHaus;104.21.62.115;104.21.62.115;104.21.62.115;104.21.62.115
9sct2.sp1nterpad.ru;URLHaus;104.21.38.110;172.67.222.66;104.21.38.110;104.21.38.110
9t.stormmint.ru;URLHaus;104.21.27.36;104.21.27.36;104.21.27.36;104.21.27.36
9vo.wolkenspur3.ru;URLHaus;172.67.150.97;104.21.63.213;104.21.63.213;172.67.150.97
9wk.bluef0rm.ru;URLHaus;172.67.178.92;104.21.96.113;104.21.96.113;172.67.178.92
9x.windl1nk.ru;URLHaus;172.67.165.227;104.21.49.186;104.21.49.186;172.67.165.227
9yd.v0xletrill.ru;URLHaus;172.67.179.44;104.21.31.186;104.21.31.186;172.67.179.44
a-gwo.pages.dev;URLHaus;172.66.44.169;172.66.44.169;;172.66.44.169
a2vok2y8.t0rchbasil.ru;URLHaus;104.21.69.138;172.67.208.249;172.67.208.249;104.21.69.138
a2x.starblend.ru;URLHaus;172.67.194.246;104.21.82.43;104.21.82.43;172.67.194.246
a4za.mossgate.ru;URLHaus;172.67.162.216;172.67.162.216;172.67.162.216;104.21.82.199
a5.bluecl1ff.ru;URLHaus;172.67.141.211;104.21.27.78;104.21.27.78;104.21.27.78
a54mfa.easypanel.host;URLHaus;157.245.203.34;157.245.203.34;;157.245.203.34
a5cciv20.rainshield.ru;URLHaus;104.21.74.14;172.67.152.177;172.67.152.177;104.21.74.14
a5uis.windm1st.ru;URLHaus;104.21.86.37;172.67.214.124;104.21.86.37;104.21.86.37
a5v9n.box3pear.coupons;URLHaus;212.111.89.17;
a5v9n.capitul98hypo.coupons;URLHaus;145.249.115.191;;;145.249.115.191
a5v9n.grape1shipping.coupons;URLHaus;212.111.89.17;
a6.darkfl0w.ru;URLHaus;172.67.182.149;104.21.36.4;104.21.36.4;172.67.182.149
a6u.wildm1st.ru;URLHaus;104.21.2.120;172.67.129.39;104.21.2.120;172.67.129.39
a72o.br1ghtstorm.ru;URLHaus;104.21.11.150;104.21.11.150;172.67.166.92;104.21.11.150
a85k99xb.mistysh1eld.ru;URLHaus;104.21.65.101;172.67.161.148;104.21.65.101;172.67.161.148
a9.j1ngleknob.ru;URLHaus;172.67.169.137;172.67.169.137;172.67.169.137;172.67.169.137
aacobson.com;URLHaus;147.135.84.14;147.135.84.14;147.135.84.14;147.135.84.14
ab.clearl1ne.ru;URLHaus;104.21.18.232;104.21.18.232;104.21.18.232;104.21.18.232
abissnet.net;URLHaus;80.91.126.9;
abqsales.com;URLHaus;206.71.149.57;206.71.149.57;206.71.149.57;206.71.149.57;206.71.149.57
absolutesoftsystem.in;URLHaus;64.227.132.237;64.227.132.237;64.227.132.237;64.227.132.237
absportsonline.com;URLHaus;84.32.84.230;84.32.84.119;91.108.127.89;77.37.42.175;147.79.105.212
aburae-labo.com;URLHaus;162.43.122.54;;162.43.122.54;162.43.122.54;162.43.122.54
abyss7.darkf1sh.ru;URLHaus;172.67.156.205;172.67.156.205;172.67.156.205;104.21.8.41
acc.jiangsujiaxue.com;URLHaus;182.43.236.211;;182.43.236.211
access.skaparade.com;URLHaus;192.185.117.83;
accrochezvous.fr;URLHaus;51.91.236.255;51.91.236.255;51.91.236.255;51.91.236.255
acms.saleseos.com;URLHaus;192.145.234.101;
acro-drive.com;URLHaus;178.16.55.131;;178.16.55.131;178.16.55.131;178.16.55.131
acronis.aspirindrained.digital;URLHaus;104.21.91.223;172.67.180.211;172.67.180.211;172.67.180.211;104.21.91.223
actedapk.pages.dev;URLHaus;172.66.44.141;172.66.47.115;172.66.44.141;172.66.47.115;172.66.47.115
activebrain.conscious86jag.coupons;URLHaus;145.249.115.191;
adcn.stormw1ng.ru;URLHaus;104.21.29.199;172.67.149.196;172.67.149.196;172.67.149.196
addons1.12cloudaddons198756.workers.dev;URLHaus;172.67.149.183;104.21.71.224;172.67.149.183;172.67.149.183;104.21.71.224
addons1.poupathockm2ist10012.workers.dev;URLHaus;104.21.31.162;172.67.178.70;172.67.178.70;104.21.31.162;172.67.178.70
adhp.neterra.net;URLHaus;87.121.112.124;87.121.112.124;;87.121.112.124;87.121.112.124
admin.byte.in.ua;URLHaus;89.184.78.23;89.184.78.23;;89.184.78.23
admin.gestroom.it;URLHaus;80.88.87.130;
adobeappsxpyrf-update.click;URLHaus;172.67.171.95;;;104.21.29.53;172.67.171.95
adoptuskidsnow.screenconnect.com;URLHaus;15.204.108.59;15.204.108.59;;15.204.108.59;15.204.108.59
adver.com.br;URLHaus;191.252.45.226;
ae09.briarhaven.ru;URLHaus;172.67.187.52;172.67.187.52;104.21.64.175;172.67.187.52
aegisxray.com;URLHaus;87.106.143.220;87.106.143.220;87.106.143.220;87.106.143.220
aesthetic-parfait-d56344.netlify.app;URLHaus;54.232.119.62;54.232.119.62;54.232.119.62;54.232.119.62;54.232.119.62
agence-immobiliere-lyon.com;URLHaus;185.246.47.64;;185.246.47.64
agent188portal.live;URLHaus;172.67.157.237;104.21.74.112;104.21.74.112;104.21.74.112;104.21.74.112
agentportal188.work;URLHaus;104.21.32.211;104.21.32.211;172.67.187.123;104.21.32.211;104.21.32.211
agitate6vagina.digital;URLHaus;104.21.6.197;
ahnbbd.com;URLHaus;103.65.138.218;103.65.138.218;;103.65.138.218
ahp.wave5hift.ru;URLHaus;172.67.165.29;172.67.165.29;172.67.165.29;172.67.165.29
ai.datap1xel.ru;URLHaus;172.67.207.221;104.21.22.242;172.67.207.221;104.21.22.242
aicloudfz8346967.tino.page;URLHaus;103.130.219.150;103.130.219.150;103.130.219.150;103.130.219.150;103.130.219.150
airair.dianying.my;URLHaus;103.224.212.206;;103.224.212.206;103.224.212.206;103.224.212.206
airlife.bget.ru;URLHaus;5.101.153.188;;;5.101.153.188;5.101.153.188
aixcijiax.mcv.kr;URLHaus;46.151.182.225;46.151.182.225;;;46.151.182.225
ajpl.ripple-cask.ru;URLHaus;172.67.216.247;104.21.61.235;172.67.216.247;172.67.216.247
akamishitworks.jumpingcrab.com;URLHaus;127.0.0.2;127.0.0.2;127.0.0.2;127.0.0.2;127.0.0.2
akk.datap1xel.ru;URLHaus;104.21.22.242;172.67.207.221;172.67.207.221;104.21.22.242
akshf.windf0x.ru;URLHaus;172.67.162.101;172.67.162.101;104.21.58.175;172.67.162.101
aktivates.fun;URLHaus;104.21.88.4;172.67.149.222;172.67.149.222;172.67.149.222;172.67.149.222
al93cs24.5hadowfiow.ru;URLHaus;104.21.58.44;172.67.200.54;172.67.200.54;104.21.58.44
alarmline.com.br;URLHaus;191.252.45.249;
alder.lanternbrook.ru;URLHaus;172.67.178.246;104.21.17.254;172.67.178.246;104.21.17.254
alder3.alderstone.ru;URLHaus;172.67.138.253;104.21.54.140;104.21.54.140;104.21.54.140
alikaraw.com;URLHaus;77.90.51.172;77.90.51.172;77.90.51.172;77.90.51.172;77.90.51.172
alineeleuterio.com.br;URLHaus;187.33.241.49;
allcheat.netlify.app;URLHaus;54.232.119.62;54.232.119.62;;54.232.119.62;54.232.119.62
allendostmen.com;URLHaus;104.21.91.237;
allister.ee;URLHaus;185.43.106.115;
almacensantangel.com;URLHaus;104.21.71.200;;;104.21.71.200;172.67.171.158
alpenblack.net;URLHaus;45.95.233.242;45.95.233.242;45.95.233.242;45.95.233.242;45.95.233.242
alpha.ambercoil.ru;URLHaus;172.67.142.243;172.67.142.243;172.67.142.243;172.67.142.243
alpha.cl0udriver.ru;URLHaus;172.67.144.36;104.21.55.26;172.67.144.36;104.21.55.26
alpha.ironbl0om.ru;URLHaus;172.67.130.107;104.21.8.94;172.67.130.107;104.21.8.94
alpha.knurl-pocket.ru;URLHaus;104.21.70.162;104.21.70.162;172.67.137.177;104.21.70.162
alpha.orb-shackle.ru;URLHaus;172.67.200.91;104.21.21.212;104.21.21.212;104.21.21.212
alpha.p0larday.ru;URLHaus;104.21.24.197;172.67.220.35;104.21.24.197;172.67.220.35
alpha.quench-orbit.ru;URLHaus;172.67.195.182;172.67.195.182;172.67.195.182;104.21.84.184
alpha.racket-loom.ru;URLHaus;172.67.147.249;172.67.147.249;104.21.71.182;104.21.71.182
alpha.starl1tewave.ru;URLHaus;172.67.146.46;104.21.28.126;104.21.28.126;104.21.28.126
alternativas.ru;URLHaus;141.8.192.215;
alto3.cl0udcrest.ru;URLHaus;172.67.148.25;104.21.55.122;172.67.148.25;104.21.55.122
altos.cloudv1be.ru;URLHaus;172.67.219.64;172.67.219.64;172.67.219.64;104.21.24.146
altstadt.ja8u2rudila.ru;URLHaus;145.249.115.191;145.249.115.191
amber.qu1rkbasin.ru;URLHaus;104.21.93.18;172.67.202.181;172.67.202.181;104.21.93.18
amdocsllc.shop;URLHaus;104.21.11.3;172.67.164.222;172.67.164.222;172.67.164.222;104.21.11.3
ampz4.clearb1te.ru;URLHaus;172.67.205.143;104.21.90.222;172.67.205.143;172.67.205.143
an7i.n1ghtcrest.ru;URLHaus;172.67.198.101;172.67.198.101;172.67.198.101;172.67.198.101
anchor.pricepirate.coupons;URLHaus;104.21.74.70;104.21.74.70
andrefelipedonascime1768785037020.1552093.meusitehostgator.com.br;URLHaus;104.18.42.56;;;104.18.42.56;104.18.42.56
andro.notemacro.com;URLHaus;172.86.123.179;172.86.123.179;172.86.123.179;172.86.123.179;172.86.123.179
anr8p.windc0ve.ru;URLHaus;104.21.56.227;172.67.137.169;104.21.56.227;172.67.137.169
anticheat.ltd;URLHaus;62.60.245.219;62.60.245.219;62.60.245.219;62.60.245.219;62.60.245.219
antvietnam.com;URLHaus;103.77.162.38;
anupammills.com;URLHaus;68.178.238.23;;68.178.238.23;68.178.238.23;68.178.238.23
anxt.ru;URLHaus;168.222.255.99;168.222.255.99;168.222.255.99;168.222.255.99;168.222.255.99
aomen58com.pages.dev;URLHaus;172.66.47.130;172.66.44.126;172.66.47.130;172.66.47.130;172.66.47.130
ap.mintcraft.ru;URLHaus;172.67.177.241;104.21.67.156;104.21.67.156;172.67.177.241
apex.cl0udcrest.ru;URLHaus;104.21.55.122;104.21.55.122;104.21.55.122;172.67.148.25
apex4.skytrac5.ru;URLHaus;104.21.49.192;172.67.166.146;172.67.166.146;104.21.49.192
api.dealharbor.coupons;URLHaus;212.111.89.17;212.111.89.17
api.equisphire.com;URLHaus;82.180.130.105;;82.180.130.105;82.180.130.105;82.180.130.105
api.files.link;URLHaus;104.21.49.134;104.21.49.134;;;104.21.49.134
api.loadcrate.icu;URLHaus;104.21.32.137;172.67.152.93;172.64.80.1;172.67.152.93;172.67.152.93
api.nishant-labs.com;URLHaus;82.165.181.201;
api.robquiz.com;URLHaus;198.54.121.118;198.54.121.118;198.54.121.118;198.54.121.118;198.54.121.118
api.skwise.net;URLHaus;91.92.242.240;
apkplanet.pages.dev;URLHaus;172.66.44.123;172.66.47.133;172.66.47.133;172.66.44.123;172.66.44.123
apkqeqew.pages.dev;URLHaus;172.66.47.61;172.66.44.195;172.66.47.61;172.66.47.61;172.66.44.195
apm.frostl1ne.ru;URLHaus;172.67.134.135;172.67.134.135;172.67.134.135;172.67.134.135
apn-87-251-249-41.static.gprs.plus.pl;URLHaus;87.251.249.41;87.251.249.41;87.251.249.41;87.251.249.41;87.251.249.41
app-9h4.pages.dev;URLHaus;172.66.46.215;172.66.46.215;172.66.46.215;172.66.46.215;172.66.45.41
app-clash.com.cn;URLHaus;47.86.170.121;;;;47.86.170.121
app.appzcvb.com;URLHaus;104.26.14.230;
app.lat-servicio.tv;URLHaus;172.67.132.204;;172.67.132.204;104.21.13.104;172.67.132.204
app.perk9parcel.coupons;URLHaus;212.111.89.17;212.111.89.17
app.quietnetpro.com;URLHaus;172.237.145.27;;172.233.221.214;172.237.145.27;172.233.221.214
app.terrepure.coupons;URLHaus;145.249.115.191;145.249.115.191
app1e-vvex.apple2dispatch.coupons;URLHaus;212.111.89.17;
apple-service93.ru;URLHaus;91.106.207.71;
apps-sogou.com;URLHaus;104.21.31.183;172.67.179.37;104.21.31.183;104.21.31.183;104.21.31.183
apsom.org;URLHaus;104.18.31.244;;104.18.30.244;104.18.30.244;104.18.30.244
aq9.deepc0rest.ru;URLHaus;104.21.42.49;104.21.42.49;172.67.200.193;104.21.42.49
aqmj4.deepc0rest.ru;URLHaus;104.21.42.49;104.21.42.49;104.21.42.49;172.67.200.193
arc2.storml1nk.ru;URLHaus;172.67.193.30;172.67.193.30;172.67.193.30;172.67.193.30
arch.mistybr1dge.ru;URLHaus;172.67.166.220;104.21.33.213;172.67.166.220;104.21.33.213
arch.safebr1dge.ru;URLHaus;172.67.142.124;172.67.142.124;104.21.95.9;104.21.95.9
archive.disapp43squithes.coupons;URLHaus;145.249.115.191;
ardena.pro;URLHaus;91.201.52.166;
ardguisser.com;URLHaus;213.186.33.4;213.186.33.4
areaplaycbr4d.com;URLHaus;104.21.52.128;172.67.199.135;172.67.199.135;172.67.199.135;104.21.52.128
argentvif.8etmon1sto.ru;URLHaus;145.249.115.191;145.249.115.191
arid.clears0il.ru;URLHaus;172.67.184.173;104.21.43.197;172.67.184.173;172.67.184.173
armortra.xyz;URLHaus;104.21.59.90;172.67.221.219;;104.21.59.90;172.67.221.219
arnb3r-0rb.amber2vivid.coupons;URLHaus;212.111.89.17;212.111.89.17
aromatic-salad.sa.com;URLHaus;34.76.205.124;;34.76.205.124;34.76.205.124;34.76.205.124
artacom.com.br;URLHaus;45.184.150.8;
artifact.homo483geneous.coupons;URLHaus;145.249.115.191;145.249.115.191
asassassaasas.pages.dev;URLHaus;172.66.47.80;172.66.47.80;172.66.47.80;172.66.44.176;172.66.44.176
ash.f1restorm.ru;URLHaus;172.67.136.28;104.21.86.192;104.21.86.192;104.21.86.192
ashaherq.com;URLHaus;88.99.162.137;88.99.162.137;88.99.162.137;88.99.162.137;88.99.162.137
asl-company.ru;URLHaus;87.236.16.243;
assets.gametools.win;URLHaus;193.233.248.201;;193.233.248.201;193.233.248.201
assin6k7n.rye93shishaty.coupons;URLHaus;104.21.79.25;104.21.79.25
astra3.skyf1ame.ru;URLHaus;172.67.177.116;104.21.83.148;104.21.83.148;172.67.177.116
astrologie-ruddeck.de;URLHaus;92.205.53.197;;92.205.53.197;92.205.53.197;92.205.53.197
atasapka.com.tr;URLHaus;213.142.137.40;
atcfx.net;URLHaus;104.21.58.239;104.21.58.239;172.67.166.67;104.21.58.239;104.21.58.239
atelier.blu45modern.coupons;URLHaus;145.249.115.191;;;145.249.115.191
atelier.blueg78rework.coupons;URLHaus;145.249.115.191;
atkcgnew.evgeni7e.beget.tech;URLHaus;87.236.19.133;;;87.236.19.133;87.236.19.133
atofielshd.vercel.app;URLHaus;64.29.17.3;64.29.17.131;;64.29.17.67;64.29.17.131
attach.mail.daum.net;URLHaus;121.53.201.153;121.53.201.153;;211.249.251.7;211.249.251.7
au72nuxzv2.ufs.sh;URLHaus;172.67.184.177;172.67.184.177;;172.67.184.177
audicontadores.com;URLHaus;162.245.189.194;
audio5.soundg0.ru;URLHaus;104.21.50.146;104.21.50.146;172.67.207.3;172.67.207.3
audiovisionworks.com;URLHaus;87.106.143.220;;87.106.143.220;87.106.143.220
audit.smsmtrainings.com;URLHaus;208.91.197.132;208.91.197.132;208.91.197.132;208.91.197.132;208.91.197.132
augsburg-auto.com;URLHaus;45.130.41.38;
aulist.com;URLHaus;216.117.183.143;
aure0n.sun5t0ne.ru;URLHaus;104.21.90.206;104.21.90.206;104.21.90.206;104.21.90.206
auric8.br1ghtvaie.ru;URLHaus;104.21.81.114;104.21.81.114;104.21.81.114;104.21.81.114
aurora.stormpixei.ru;URLHaus;104.21.59.155;172.67.179.219;172.67.179.219;104.21.59.155
auth.nsotone.com;URLHaus;103.116.52.231;103.116.52.231;103.116.52.231;103.116.52.231;103.116.52.231
auth88.snapbargain.coupons;URLHaus;212.111.89.17;212.111.89.17
autzl.mooo.com;URLHaus;127.0.0.2;127.0.0.2;127.0.0.2;127.0.0.2;127.0.0.2
avbackup.acionline.de;URLHaus;94.100.71.58;
avg6wjm4.joggedyankedtetrao.ru;URLHaus;104.21.96.113;172.67.178.92;172.67.178.92;172.67.178.92
avian2.st0nebird.ru;URLHaus;104.21.46.15;172.67.222.63;172.67.222.63;172.67.222.63
awjh0a0e.zentrivio.digital;URLHaus;104.21.57.180;104.21.57.180;104.21.57.180;104.21.57.180
awjrq1fn.crumple-jet.ru;URLHaus;172.67.139.166;172.67.139.166;104.21.38.222;104.21.38.222
awq.bluec0rest.ru;URLHaus;172.67.167.243;172.67.167.243;104.21.13.121;104.21.13.121
awy.sp-1-nterpad.ru;URLHaus;172.67.222.59;172.67.222.59;172.67.222.59;172.67.222.59
axelvedos.sa.com;URLHaus;34.76.205.124;34.76.205.124;;34.76.205.124
axiang-new.pages.dev;URLHaus;172.66.47.59;172.66.44.197;172.66.47.59;172.66.47.59;172.66.47.59
axis.st0rmbyte.ru;URLHaus;104.21.42.153;104.21.42.153;104.21.42.153;172.67.206.146
axle.r0bintorque.ru;URLHaus;172.67.197.27;172.67.197.27;104.21.84.206;172.67.197.27
axle.vextimber.ru;URLHaus;172.67.217.168;104.21.62.9;104.21.62.9;104.21.62.9
ay.rainst0rm.ru;URLHaus;104.21.11.226;104.21.11.226;172.67.192.221;104.21.11.226
azcw.v0xencrate.ru;URLHaus;172.67.201.33;104.21.52.154;172.67.201.33;104.21.52.154
azur.m1stycl0ud.ru;URLHaus;172.67.205.72;104.21.37.70;172.67.205.72;172.67.205.72
azure2.bluest0ne.ru;URLHaus;104.21.76.3;104.21.76.3;104.21.76.3;172.67.184.145
azure5.bluem1st.ru;URLHaus;172.67.153.4;104.21.48.146;104.21.48.146;172.67.153.4
b-3.stackdump-collector.coupons;URLHaus;145.249.115.191;;;145.249.115.191
b.clu-e.eu;URLHaus;103.224.182.242;;103.224.182.242;103.224.182.242
b0.riverl1ght.ru;URLHaus;172.67.167.169;172.67.167.169;172.67.167.169;172.67.167.169
b0unce.leafjump.ru;URLHaus;104.21.15.38;172.67.161.79;172.67.161.79;104.21.15.38
b0x-rnark.box3pear.coupons;URLHaus;212.111.89.17;
b1g.brightc0re.ru;URLHaus;104.21.80.161;104.21.80.161;172.67.151.119;172.67.151.119
b1int-rnix.blint8darvo.coupons;URLHaus;212.111.89.17;212.111.89.17
b1ueg-vveld.blueg78rework.coupons;URLHaus;145.249.115.191;
b20gc.sea5t0rm.ru;URLHaus;104.21.78.44;172.67.216.5;172.67.216.5;172.67.216.5
b2x0.stonef1eld.ru;URLHaus;104.21.70.80;104.21.70.80;104.21.70.80;104.21.70.80
b3-alpha.federleicht.coupons;URLHaus;145.249.115.191;145.249.115.191
b3g3.j1ngleknob.ru;URLHaus;172.67.169.137;104.21.46.247;172.67.169.137;172.67.169.137
b3rry-rnove.berry9shipment.coupons;URLHaus;212.111.89.17;
b4x.ravel-pink.ru;URLHaus;104.21.29.72;172.67.148.147;172.67.148.147;104.21.29.72
b6.frostn0de.ru;URLHaus;172.67.194.79;172.67.194.79;104.21.52.24;104.21.52.24
b6n2.picketcore.ru;URLHaus;172.67.189.57;104.21.9.101;172.67.189.57;104.21.9.101
b7.cl0udtrace.ru;URLHaus;104.21.23.235;104.21.23.235;104.21.23.235;104.21.23.235
b76ctsj1.5kyline.ru;URLHaus;104.21.68.136;172.67.195.235;104.21.68.136;104.21.68.136
b8217fef.thisisnotyourland.pages.dev;URLHaus;172.66.44.178;;172.66.44.178;172.66.44.178;172.66.47.78
babymafessoni.merseine.com;URLHaus;194.48.154.51;;;194.48.154.51
bach.st0necloud.ru;URLHaus;104.21.49.130;172.67.163.47;172.67.163.47;104.21.49.130
backupso.com;URLHaus;91.102.161.20;
bafybeiaj6jw2xhbppgji757tn3hg5uu6splaa5gyydkwnzwprzakcp44ve.ipfs.w3s.link;URLHaus;104.18.41.169;;;104.18.41.169;104.18.41.169
bafybeias4uzwo3l336d5ewygv2dd3oqbnlvrer5ndf5wyhjcwkm4igaafa.ipfs.w3s.link;URLHaus;172.64.146.87;;;;104.18.41.169
bafybeibfoyi7ruuyoncarf4xr55qa3lthsjjjgrktk4ia4z3upesawb4ry.ipfs.w3s.link;URLHaus;172.64.146.87;;;;172.64.146.87
bafybeidvf6tytrspkd4wnvxzs23m3kjr6bfvgszbfwybmmcosl4rrhvuo4.ipfs.dweb.link;URLHaus;209.94.90.2;209.94.90.2;;209.94.90.2;209.94.90.3
bafybeieq7tctzxkqidqpq4fjvtznbupqrpo2w4n4lfmzksehei4dinilii.ipfs.w3s.link;URLHaus;104.18.41.169;;;;104.18.41.169
bafybeiffpkay6l7heq55epccneb563p5chjzclxnso3vkozyorphlz6ana.ipfs.w3s.link;URLHaus;104.18.41.169;;;;172.64.146.87
ballfrank.today;URLHaus;104.21.16.171;;172.67.214.225;104.21.16.171
ballfrank.world;URLHaus;172.67.195.245;;104.21.52.59;172.67.195.245;172.67.195.245
baloise.sh;URLHaus;172.67.183.23;172.67.183.23;172.67.183.23;104.21.18.178;104.21.18.178
bamautzky.de;URLHaus;217.160.0.32;217.160.0.32;217.160.0.32;217.160.0.32
bambooware.ru;URLHaus;94.26.106.171;94.26.106.171;;94.26.106.171
banappeals.net;URLHaus;52.223.13.41;
bancoapps.webescuela.cl;URLHaus;38.7.203.211;38.7.203.211;38.7.203.211;38.7.203.211;38.7.203.211
bank0106.duckdns.org;URLHaus;191.107.86.255;;;191.107.86.255
bankgarantia.ru;URLHaus;5.101.153.83;
bar88pov.com;URLHaus;104.21.20.133;104.21.20.133;104.21.20.133;104.21.20.133;172.67.192.235
barge.pincer-loom.ru;URLHaus;172.67.175.185;104.21.43.79;104.21.43.79;104.21.43.79
bark9t.flashwood.ru;URLHaus;104.21.39.27;104.21.39.27;104.21.39.27;104.21.39.27
barrel-horseracing.com;URLHaus;23.160.56.117;23.160.56.117;23.160.56.117;23.160.56.117;23.160.56.117
basecommand.orbitalmap.coupons;URLHaus;145.249.115.191;
baseflow.box1fig7.coupons;URLHaus;104.21.76.169;104.21.76.169;;104.21.76.169;172.67.197.197
basic1997.duckdns.org;URLHaus;179.111.179.240;
basil.shadowm1nt.ru;URLHaus;104.21.28.235;172.67.147.201;172.67.147.201;172.67.147.201
basin.amberflint.ru;URLHaus;104.21.62.55;104.21.62.55;104.21.62.55;104.21.62.55
basin2.rockfieid.ru;URLHaus;104.21.80.141;104.21.80.141;172.67.185.14;104.21.80.141
bb.clsv.ru;URLHaus;176.114.222.255;;;176.114.222.255;176.114.222.255
bbb.pwwbr.cn;URLHaus;122.225.106.137;120.226.50.184;112.48.194.201;;112.48.194.201
bbb.xfrwu.cn;URLHaus;138.113.159.182;138.113.159.182
bbb.xurwd.cn;URLHaus;36.136.78.7;;218.77.199.6;122.225.106.137;112.48.194.201
bblissmassage.com;URLHaus;192.250.227.239;192.250.227.239;;;192.250.227.239
bbos.minet.vn;URLHaus;103.116.52.126;
bcqz.clearspark.ru;URLHaus;104.21.87.22;104.21.87.22;172.67.139.191;172.67.139.191
bd.brightl1ne.ru;URLHaus;104.21.83.19;172.67.166.251;172.67.166.251;172.67.166.251
be1ieve-vvave.believein41fant.coupons;URLHaus;145.249.115.191;;;145.249.115.191
beamglow.lightstream.coupons;URLHaus;145.249.115.191;
beatlead.metalheart.coupons;URLHaus;145.249.115.191;
beesoft.id.vn;URLHaus;117.122.125.107;;117.122.125.107;117.122.125.107
beesoft.vn;URLHaus;172.67.184.159;;172.67.184.159;172.67.184.159;172.67.184.159
bend.r1verdusk.ru;URLHaus;104.21.6.225;172.67.135.106;172.67.135.106;104.21.6.225
best.obs.cn-sz1.ctyun.cn;URLHaus;113.108.66.99;;;113.108.66.99;113.108.66.99
best10cdn.blob.core.windows.net;URLHaus;20.60.133.164;20.60.133.164;;20.60.133.164;20.60.133.164
besvyl.rainpixel.ru;URLHaus;104.21.87.106;172.67.169.96;104.21.87.106;104.21.87.106
beszart.govt.hu;URLHaus;185.177.57.70;;;185.177.57.70
beta-node.deal4harbor.coupons;URLHaus;212.111.89.17;212.111.89.17
beta.bluef1re.ru;URLHaus;172.67.173.129;104.21.30.181;104.21.30.181;172.67.173.129
beta.crankmuddle.ru;URLHaus;104.21.0.104;104.21.0.104;104.21.0.104;172.67.150.224
beta.darkl1ne.ru;URLHaus;172.67.168.212;172.67.168.212;104.21.38.240;104.21.38.240
beta.darkm1nt.ru;URLHaus;172.67.138.126;104.21.64.251;104.21.64.251;104.21.64.251
beta.hollow-fizz.ru;URLHaus;104.21.22.156;172.67.205.128;104.21.22.156;172.67.205.128
beta.hushzigzag.ru;URLHaus;104.21.17.65;104.21.17.65;104.21.17.65;104.21.17.65
beta.kettlewisp.ru;URLHaus;104.21.44.165;172.67.201.93;104.21.44.165;104.21.44.165
beta.m1stybird.ru;URLHaus;104.21.41.245;172.67.167.209;104.21.41.245;172.67.167.209
beta.skyf1eld.ru;URLHaus;104.21.79.37;172.67.141.138;104.21.79.37;172.67.141.138
beta.softm1nd.ru;URLHaus;104.21.42.153;104.21.42.153;104.21.42.153;104.21.42.153
beta.twirlpane.ru;URLHaus;172.67.182.66;104.21.64.108;104.21.64.108;104.21.64.108
betbobgunceladres.com;URLHaus;185.198.234.72;185.198.234.72;185.198.234.72;185.198.234.72;185.198.234.72
betplay138new.work;URLHaus;104.21.58.113;172.67.203.151;104.21.58.113;172.67.203.151;172.67.203.151
